[{"model": "contenttypes.contenttype", "pk": 1, "fields": {"app_label": "admin", "model": "logentry"}}, {"model": "contenttypes.contenttype", "pk": 2, "fields": {"app_label": "auth", "model": "group"}}, {"model": "contenttypes.contenttype", "pk": 3, "fields": {"app_label": "auth", "model": "user"}}, {"model": "contenttypes.contenttype", "pk": 4, "fields": {"app_label": "auth", "model": "permission"}}, {"model": "contenttypes.contenttype", "pk": 5, "fields": {"app_label": "contenttypes", "model": "contenttype"}}, {"model": "contenttypes.contenttype", "pk": 6, "fields": {"app_label": "sessions", "model": "session"}}, {"model": "contenttypes.contenttype", "pk": 7, "fields": {"app_label": "authtoken", "model": "token"}}, {"model": "contenttypes.contenttype", "pk": 8, "fields": {"app_label": "goods", "model": "product"}}, {"model": "contenttypes.contenttype", "pk": 9, "fields": {"app_label": "goods", "model": "brand"}}, {"model": "contenttypes.contenttype", "pk": 10, "fields": {"app_label": "goods", "model": "category"}}, {"model": "contenttypes.contenttype", "pk": 11, "fields": {"app_label": "goods", "model": "productcategory"}}, {"model": "contenttypes.contenttype", "pk": 12, "fields": {"app_label": "goods", "model": "productimage"}}, {"model": "sessions.session", "pk": "q532lu932c4jnw7wp9nx95u5jkkh5hyz", "fields": {"session_data": "ZTAwZDgxMTUzOTU4Y2FkZDI1NDYxZDY0NjY2ZjI2NjM2NWZjODI2Njp7Il9hdXRoX3VzZXJfaGFzaCI6IjI4ZTY4YzRmYjVkN2U5NDVjYTY4NDM3OWY1NmE5Njc4MzYwMzc0NTgiLCJfYXV0aF91c2VyX2lkIjoiMTEiLCJfYXV0aF91c2VyX2JhY2tlbmQiOiJkamFuZ28uY29udHJpYi5hdXRoLmJhY2tlbmRzLk1vZGVsQmFja2VuZCJ9", "expire_date": "2020-02-24T13:00:57.142Z"}}, {"model": "goods.brand", "pk": 1, "fields": {"name": "Brand 0"}}, {"model": "goods.brand", "pk": 2, "fields": {"name": "Brand 1"}}, {"model": "goods.brand", "pk": 3, "fields": {"name": "Brand 2"}}, {"model": "goods.brand", "pk": 4, "fields": {"name": "Brand 3"}}, {"model": "goods.brand", "pk": 5, "fields": {"name": "Brand 4"}}, {"model": "goods.brand", "pk": 6, "fields": {"name": "Brand 5"}}, {"model": "goods.brand", "pk": 7, "fields": {"name": "Brand 6"}}, {"model": "goods.brand", "pk": 8, "fields": {"name": "Brand 7"}}, {"model": "goods.brand", "pk": 9, "fields": {"name": "Brand 8"}}, {"model": "goods.brand", "pk": 10, "fields": {"name": "Brand 9"}}, {"model": "goods.category", "pk": 1, "fields": {"path": "0000", "depth": 1, "numchild": 0, "name": "Category 0", "description": "", "slug": "category-0"}}, {"model": "goods.category", "pk": 2, "fields": {"path": "0001", "depth": 1, "numchild": 0, "name": "Category 1", "description": "", "slug": "category-1"}}, {"model": "goods.category", "pk": 3, "fields": {"path": "0002", "depth": 1, "numchild": 0, "name": "Category 2", "description": "", "slug": "category-2"}}, {"model": "goods.category", "pk": 4, "fields": {"path": "0003", "depth": 1, "numchild": 0, "name": "Category 3", "description": "", "slug": "category-3"}}, {"model": "goods.category", "pk": 5, "fields": {"path": "0004", "depth": 1, "numchild": 0, "name": "Category 4", "description": "", "slug": "category-4"}}, {"model": "goods.category", "pk": 6, "fields": {"path": "0005", "depth": 1, "numchild": 0, "name": "Category 5", "description": "", "slug": "category-5"}}, {"model": "goods.category", "pk": 7, "fields": {"path": "0006", "depth": 1, "numchild": 0, "name": "Category 6", "description": "", "slug": "category-6"}}, {"model": "goods.category", "pk": 8, "fields": {"path": "0007", "depth": 1, "numchild": 0, "name": "Category 7", "description": "", "slug": "category-7"}}, {"model": "goods.category", "pk": 9, "fields": {"path": "0008", "depth": 1, "numchild": 0, "name": "Category 8", "description": "", "slug": "category-8"}}, {"model": "goods.category", "pk": 10, "fields": {"path": "0009", "depth": 1, "numchild": 0, "name": "Category 9", "description": "", "slug": "category-9"}}, {"model": "goods.productcategory", "pk": 1, "fields": {"product": 1, "category": 1}}, {"model": "goods.productcategory", "pk": 2, "fields": {"product": 2, "category": 2}}, {"model": "goods.productcategory", "pk": 3, "fields": {"product": 3, "category": 3}}, {"model": "goods.productcategory", "pk": 4, "fields": {"product": 4, "category": 4}}, {"model": "goods.productcategory", "pk": 5, "fields": {"product": 5, "category": 5}}, {"model": "goods.productcategory", "pk": 6, "fields": {"product": 6, "category": 6}}, {"model": "goods.productcategory", "pk": 7, "fields": {"product": 7, "category": 7}}, {"model": "goods.productcategory", "pk": 8, "fields": {"product": 8, "category": 8}}, {"model": "goods.productcategory", "pk": 9, "fields": {"product": 9, "category": 9}}, {"model": "goods.productcategory", "pk": 10, "fields": {"product": 10, "category": 10}}, {"model": "goods.productcategory", "pk": 11, "fields": {"product": 11, "category": 6}}, {"model": "auth.permission", "pk": 1, "fields": {"name": "Can add log entry", "content_type": 1, "codename": "add_logentry"}}, {"model": "auth.permission", "pk": 2, "fields": {"name": "Can change log entry", "content_type": 1, "codename": "change_logentry"}}, {"model": "auth.permission", "pk": 3, "fields": {"name": "Can delete log entry", "content_type": 1, "codename": "delete_logentry"}}, {"model": "auth.permission", "pk": 4, "fields": {"name": "Can view log entry", "content_type": 1, "codename": "view_logentry"}}, {"model": "auth.permission", "pk": 5, "fields": {"name": "Can add permission", "content_type": 4, "codename": "add_permission"}}, {"model": "auth.permission", "pk": 6, "fields": {"name": "Can change permission", "content_type": 4, "codename": "change_permission"}}, {"model": "auth.permission", "pk": 7, "fields": {"name": "Can delete permission", "content_type": 4, "codename": "delete_permission"}}, {"model": "auth.permission", "pk": 8, "fields": {"name": "Can view permission", "content_type": 4, "codename": "view_permission"}}, {"model": "auth.permission", "pk": 9, "fields": {"name": "Can add group", "content_type": 2, "codename": "add_group"}}, {"model": "auth.permission", "pk": 10, "fields": {"name": "Can change group", "content_type": 2, "codename": "change_group"}}, {"model": "auth.permission", "pk": 11, "fields": {"name": "Can delete group", "content_type": 2, "codename": "delete_group"}}, {"model": "auth.permission", "pk": 12, "fields": {"name": "Can view group", "content_type": 2, "codename": "view_group"}}, {"model": "auth.permission", "pk": 13, "fields": {"name": "Can add user", "content_type": 3, "codename": "add_user"}}, {"model": "auth.permission", "pk": 14, "fields": {"name": "Can change user", "content_type": 3, "codename": "change_user"}}, {"model": "auth.permission", "pk": 15, "fields": {"name": "Can delete user", "content_type": 3, "codename": "delete_user"}}, {"model": "auth.permission", "pk": 16, "fields": {"name": "Can view user", "content_type": 3, "codename": "view_user"}}, {"model": "auth.permission", "pk": 17, "fields": {"name": "Can add content type", "content_type": 5, "codename": "add_contenttype"}}, {"model": "auth.permission", "pk": 18, "fields": {"name": "Can change content type", "content_type": 5, "codename": "change_contenttype"}}, {"model": "auth.permission", "pk": 19, "fields": {"name": "Can delete content type", "content_type": 5, "codename": "delete_contenttype"}}, {"model": "auth.permission", "pk": 20, "fields": {"name": "Can view content type", "content_type": 5, "codename": "view_contenttype"}}, {"model": "auth.permission", "pk": 21, "fields": {"name": "Can add session", "content_type": 6, "codename": "add_session"}}, {"model": "auth.permission", "pk": 22, "fields": {"name": "Can change session", "content_type": 6, "codename": "change_session"}}, {"model": "auth.permission", "pk": 23, "fields": {"name": "Can delete session", "content_type": 6, "codename": "delete_session"}}, {"model": "auth.permission", "pk": 24, "fields": {"name": "Can view session", "content_type": 6, "codename": "view_session"}}, {"model": "auth.permission", "pk": 25, "fields": {"name": "Can add Token", "content_type": 7, "codename": "add_token"}}, {"model": "auth.permission", "pk": 26, "fields": {"name": "Can change Token", "content_type": 7, "codename": "change_token"}}, {"model": "auth.permission", "pk": 27, "fields": {"name": "Can delete Token", "content_type": 7, "codename": "delete_token"}}, {"model": "auth.permission", "pk": 28, "fields": {"name": "Can view Token", "content_type": 7, "codename": "view_token"}}, {"model": "auth.permission", "pk": 29, "fields": {"name": "Can add brand", "content_type": 9, "codename": "add_brand"}}, {"model": "auth.permission", "pk": 30, "fields": {"name": "Can change brand", "content_type": 9, "codename": "change_brand"}}, {"model": "auth.permission", "pk": 31, "fields": {"name": "Can delete brand", "content_type": 9, "codename": "delete_brand"}}, {"model": "auth.permission", "pk": 32, "fields": {"name": "Can view brand", "content_type": 9, "codename": "view_brand"}}, {"model": "auth.permission", "pk": 33, "fields": {"name": "Can add Category", "content_type": 10, "codename": "add_category"}}, {"model": "auth.permission", "pk": 34, "fields": {"name": "Can change Category", "content_type": 10, "codename": "change_category"}}, {"model": "auth.permission", "pk": 35, "fields": {"name": "Can delete Category", "content_type": 10, "codename": "delete_category"}}, {"model": "auth.permission", "pk": 36, "fields": {"name": "Can view Category", "content_type": 10, "codename": "view_category"}}, {"model": "auth.permission", "pk": 37, "fields": {"name": "Can add Product category", "content_type": 11, "codename": "add_productcategory"}}, {"model": "auth.permission", "pk": 38, "fields": {"name": "Can change Product category", "content_type": 11, "codename": "change_productcategory"}}, {"model": "auth.permission", "pk": 39, "fields": {"name": "Can delete Product category", "content_type": 11, "codename": "delete_productcategory"}}, {"model": "auth.permission", "pk": 40, "fields": {"name": "Can view Product category", "content_type": 11, "codename": "view_productcategory"}}, {"model": "auth.permission", "pk": 41, "fields": {"name": "Can add Product", "content_type": 8, "codename": "add_product"}}, {"model": "auth.permission", "pk": 42, "fields": {"name": "Can change Product", "content_type": 8, "codename": "change_product"}}, {"model": "auth.permission", "pk": 43, "fields": {"name": "Can delete Product", "content_type": 8, "codename": "delete_product"}}, {"model": "auth.permission", "pk": 44, "fields": {"name": "Can view Product", "content_type": 8, "codename": "view_product"}}, {"model": "auth.permission", "pk": 45, "fields": {"name": "Can add Product image", "content_type": 12, "codename": "add_productimage"}}, {"model": "auth.permission", "pk": 46, "fields": {"name": "Can change Product image", "content_type": 12, "codename": "change_productimage"}}, {"model": "auth.permission", "pk": 47, "fields": {"name": "Can delete Product image", "content_type": 12, "codename": "delete_productimage"}}, {"model": "auth.permission", "pk": 48, "fields": {"name": "Can view Product image", "content_type": 12, "codename": "view_productimage"}}, {"model": "auth.user", "pk": 1, "fields": {"password": "", "last_login": null, "is_superuser": false, "username": "user_0", "first_name": "User 000", "last_name": "", "email": "user_0@example.com", "is_staff": false, "is_active": true, "date_joined": "2020-02-10T10:47:54.283Z", "groups": [], "user_permissions": []}}, {"model": "auth.user", "pk": 2, "fields": {"password": "", "last_login": null, "is_superuser": false, "username": "user_1", "first_name": "User 001", "last_name": "", "email": "user_1@example.com", "is_staff": false, "is_active": true, "date_joined": "2020-02-10T10:47:55.815Z", "groups": [], "user_permissions": []}}, {"model": "auth.user", "pk": 3, "fields": {"password": "", "last_login": null, "is_superuser": false, "username": "user_2", "first_name": "User 002", "last_name": "", "email": "user_2@example.com", "is_staff": false, "is_active": true, "date_joined": "2020-02-10T10:47:56.373Z", "groups": [], "user_permissions": []}}, {"model": "auth.user", "pk": 4, "fields": {"password": "", "last_login": null, "is_superuser": false, "username": "user_3", "first_name": "User 003", "last_name": "", "email": "user_3@example.com", "is_staff": false, "is_active": true, "date_joined": "2020-02-10T10:47:56.795Z", "groups": [], "user_permissions": []}}, {"model": "auth.user", "pk": 5, "fields": {"password": "", "last_login": null, "is_superuser": false, "username": "user_4", "first_name": "User 004", "last_name": "", "email": "user_4@example.com", "is_staff": false, "is_active": true, "date_joined": "2020-02-10T10:47:57.608Z", "groups": [], "user_permissions": []}}, {"model": "auth.user", "pk": 6, "fields": {"password": "", "last_login": null, "is_superuser": false, "username": "user_5", "first_name": "User 005", "last_name": "", "email": "user_5@example.com", "is_staff": false, "is_active": true, "date_joined": "2020-02-10T10:47:58.310Z", "groups": [], "user_permissions": []}}, {"model": "auth.user", "pk": 7, "fields": {"password": "", "last_login": null, "is_superuser": false, "username": "user_6", "first_name": "User 006", "last_name": "", "email": "user_6@example.com", "is_staff": false, "is_active": true, "date_joined": "2020-02-10T10:47:58.973Z", "groups": [], "user_permissions": []}}, {"model": "auth.user", "pk": 8, "fields": {"password": "", "last_login": null, "is_superuser": false, "username": "user_7", "first_name": "User 007", "last_name": "", "email": "user_7@example.com", "is_staff": false, "is_active": true, "date_joined": "2020-02-10T10:47:59.552Z", "groups": [], "user_permissions": []}}, {"model": "auth.user", "pk": 9, "fields": {"password": "", "last_login": null, "is_superuser": false, "username": "user_8", "first_name": "User 008", "last_name": "", "email": "user_8@example.com", "is_staff": false, "is_active": true, "date_joined": "2020-02-10T10:48:00.482Z", "groups": [], "user_permissions": []}}, {"model": "auth.user", "pk": 10, "fields": {"password": "", "last_login": null, "is_superuser": false, "username": "user_9", "first_name": "User 009", "last_name": "", "email": "user_9@example.com", "is_staff": false, "is_active": true, "date_joined": "2020-02-10T10:48:01.068Z", "groups": [], "user_permissions": []}}, {"model": "auth.user", "pk": 11, "fields": {"password": "pbkdf2_sha256$150000$tpQY6dXa9aYb$t5gW5c+kiZWGYFm2NSGY3X3ZshycNbVmNqHFPhQ73h8=", "last_login": "2020-02-10T13:00:57.033Z", "is_superuser": true, "username": "root", "first_name": "", "last_name": "", "email": "khakshour.amir@gmail.com", "is_staff": true, "is_active": true, "date_joined": "2020-02-10T13:00:22.135Z", "groups": [], "user_permissions": []}}, {"model": "goods.product", "pk": 1, "fields": {"created_by": 1, "brand": 1, "title": "Product 0", "model": "Product Model 0", "description": "", "date_created": "2020-02-10T10:47:55.546Z", "date_updated": "2020-02-10T10:47:55.747Z", "price": "9.99", "price_currency": "EUR"}}, {"model": "goods.product", "pk": 2, "fields": {"created_by": 2, "brand": 2, "title": "Product 1", "model": "Product Model 1", "description": "", "date_created": "2020-02-10T10:47:56.098Z", "date_updated": "2020-02-10T10:47:56.305Z", "price": "9.99", "price_currency": "EUR"}}, {"model": "goods.product", "pk": 3, "fields": {"created_by": 3, "brand": 3, "title": "Product 2", "model": "Product Model 2", "description": "", "date_created": "2020-02-10T10:47:56.509Z", "date_updated": "2020-02-10T10:47:56.722Z", "price": "9.99", "price_currency": "EUR"}}, {"model": "goods.product", "pk": 4, "fields": {"created_by": 4, "brand": 4, "title": "Product 3", "model": "Product Model 3", "description": "", "date_created": "2020-02-10T10:47:56.954Z", "date_updated": "2020-02-10T10:47:57.529Z", "price": "9.99", "price_currency": "EUR"}}, {"model": "goods.product", "pk": 5, "fields": {"created_by": 5, "brand": 5, "title": "Product 4", "model": "Product Model 4", "description": "", "date_created": "2020-02-10T10:47:57.778Z", "date_updated": "2020-02-10T10:47:58.016Z", "price": "9.99", "price_currency": "EUR"}}, {"model": "goods.product", "pk": 6, "fields": {"created_by": 6, "brand": 6, "title": "Product 5", "model": "Product Model 5", "description": "", "date_created": "2020-02-10T10:47:58.633Z", "date_updated": "2020-02-10T10:47:58.887Z", "price": "9.99", "price_currency": "EUR"}}, {"model": "goods.product", "pk": 7, "fields": {"created_by": 7, "brand": 7, "title": "Product 6", "model": "Product Model 6", "description": "", "date_created": "2020-02-10T10:47:59.188Z", "date_updated": "2020-02-10T10:47:59.461Z", "price": "9.99", "price_currency": "EUR"}}, {"model": "goods.product", "pk": 8, "fields": {"created_by": 8, "brand": 8, "title": "Product 7", "model": "Product Model 7", "description": "", "date_created": "2020-02-10T10:47:59.750Z", "date_updated": "2020-02-10T10:48:00.051Z", "price": "9.99", "price_currency": "EUR"}}, {"model": "goods.product", "pk": 9, "fields": {"created_by": 9, "brand": 9, "title": "Product 8", "model": "Product Model 8", "description": "", "date_created": "2020-02-10T10:48:00.676Z", "date_updated": "2020-02-10T10:48:00.971Z", "price": "9.99", "price_currency": "EUR"}}, {"model": "goods.product", "pk": 10, "fields": {"created_by": 10, "brand": 10, "title": "Product 9", "model": "Product Model 9", "description": "", "date_created": "2020-02-10T10:48:01.262Z", "date_updated": "2020-02-10T10:48:01.615Z", "price": "9.99", "price_currency": "EUR"}}, {"model": "goods.product", "pk": 11, "fields": {"created_by": 11, "brand": 1, "title": "asdasd", "model": "asdasd", "description": "asdasd", "date_created": "2020-02-10T13:01:09.517Z", "date_updated": "2020-02-10T13:01:09.517Z", "price": "12121.00", "price_currency": "EUR"}}]